Update at Mon Oct 27 15:34:31 UTC 2025
Update at Mon Oct 27 15:38:25 UTC 2025
Update at Tue Oct 28 03:58:38 UTC 2025
Update at Wed Oct 29 04:43:12 UTC 2025
Update at Thu Oct 30 03:59:34 UTC 2025
Update at Fri Oct 31 04:00:15 UTC 2025
Update at Sat Nov  1 03:58:09 UTC 2025
Update at Sun Nov  2 04:05:55 UTC 2025
Update at Mon Nov  3 04:44:14 UTC 2025
Update at Tue Nov  4 03:58:32 UTC 2025
Update at Wed Nov  5 04:01:26 UTC 2025
Update at Thu Nov  6 04:43:30 UTC 2025
Update at Fri Nov  7 03:59:37 UTC 2025
Update at Sat Nov  8 03:53:31 UTC 2025
Update at Sun Nov  9 04:00:16 UTC 2025
Update at Mon Nov 10 04:42:47 UTC 2025
Update at Tue Nov 11 03:56:38 UTC 2025
Update at Wed Nov 12 03:55:27 UTC 2025
Update at Thu Nov 13 03:58:09 UTC 2025
Update at Fri Nov 14 03:56:29 UTC 2025
Update at Sat Nov 15 03:50:53 UTC 2025
Update at Sun Nov 16 04:00:04 UTC 2025
Update at Mon Nov 17 03:59:10 UTC 2025
Update at Tue Nov 18 03:55:21 UTC 2025
Update at Wed Nov 19 03:55:19 UTC 2025
Update at Thu Nov 20 03:54:14 UTC 2025
Update at Fri Nov 21 03:53:52 UTC 2025
Update at Sat Nov 22 03:49:45 UTC 2025
